{"count":1,"self":1367.3700351999998,"total":9158.8270117,"children":{"InitializeActuators":{"count":1,"self":0.0009931,"total":0.0009931,"children":null},"InitializeSensors":{"count":1,"self":0.0020008,"total":0.0020008,"children":null},"AgentSendState":{"count":7298081,"self":55.156479999999995,"total":110.2715685,"children":{"CollectObservations":{"count":2436179,"self":1.3997627,"total":1.3997627,"children":null},"WriteActionMask":{"count":2436179,"self":0.8354492,"total":0.8354492,"children":null},"RequestDecision":{"count":2436179,"self":4.4478056,"total":52.879877,"children":{"AgentInfo.ToProto":{"count":2436179,"self":4.1027803999999994,"total":48.4320715,"children":{"GenerateSensorData":{"count":2436179,"self":39.7655712,"total":44.329291,"children":{"RayPerceptionSensor.Perceive":{"count":2436179,"self":4.5637212,"total":4.5637213,"children":null}}}}}}}}},"DecideAction":{"count":7298081,"self":7672.1569792,"total":7672.1572849999993,"children":null},"AgentAct":{"count":7298081,"self":8.8346736,"total":8.8346734,"children":null},"AgentInfo.ToProto":{"count":9558,"self":0.027509799999999997,"total":0.1904427,"children":{"GenerateSensorData":{"count":9558,"self":0.1409655,"total":0.1629329,"children":{"RayPerceptionSensor.Perceive":{"count":9558,"self":0.021967399999999998,"total":0.021967399999999998,"children":null}}}}}},"gauges":{"PlayerAgent.CumulativeReward":{"count":9558,"max":440.7496,"min":-6.59921455,"runningAverage":21.8300972,"value":12.43417,"weightedAverage":19.7008438}},"metadata":{"timer_format_version":"0.1.0","start_time_seconds":"1652610867","unity_version":"2019.4.36f1","command_line_arguments":"f:\\Nathan\\!SKRIPSI\\rl-wave\\velocity\/Wave.exe --mlagents-port 5005","communication_protocol_version":"1.5.0","com.unity.ml-agents_version":"2.1.0-exp.1","scene_name":"MainScene","end_time_seconds":"1652620026"}}