{"count":1,"self":107.08483199999999,"total":606.1633876,"children":{"InitializeActuators":{"count":1,"self":0.0019987,"total":0.0019987,"children":null},"InitializeSensors":{"count":1,"self":0.0049999,"total":0.0049999,"children":null},"AgentSendState":{"count":387812,"self":3.4200648,"total":7.0932534999999994,"children":{"CollectObservations":{"count":129686,"self":0.1053201,"total":0.1053201,"children":null},"WriteActionMask":{"count":129686,"self":0.0657237,"total":0.0657237,"children":null},"RequestDecision":{"count":129686,"self":0.33315819999999996,"total":3.5021448,"children":{"AgentInfo.ToProto":{"count":129686,"self":0.272149,"total":3.1689865999999998,"children":{"GenerateSensorData":{"count":129686,"self":2.6139319999999997,"total":2.8968376,"children":{"RayPerceptionSensor.Perceive":{"count":129686,"self":0.2829057,"total":0.2829057,"children":null}}}}}}}}},"DecideAction":{"count":387812,"self":491.3125376,"total":491.31253119999997,"children":null},"AgentAct":{"count":387812,"self":0.6398239,"total":0.6398239,"children":null},"AgentInfo.ToProto":{"count":1170,"self":0.007935,"total":0.024945699999999998,"children":{"GenerateSensorData":{"count":1170,"self":0.0150008,"total":0.0170107,"children":{"RayPerceptionSensor.Perceive":{"count":1170,"self":0.0020099,"total":0.0020099,"children":null}}}}}},"gauges":{"PlayerAgent.CumulativeReward":{"count":1170,"max":35.0358543,"min":-6.604681,"runningAverage":-1.51177323,"value":-6.086377,"weightedAverage":-6.10512352}},"metadata":{"timer_format_version":"0.1.0","start_time_seconds":"1651161517","unity_version":"2019.4.36f1","command_line_arguments":"e:\\Nathan\\!SKRIPSI\\rl-wave\\velocity\/Wave.exe --mlagents-port 5005","communication_protocol_version":"1.5.0","com.unity.ml-agents_version":"2.1.0-exp.1","scene_name":"MainScene","end_time_seconds":"1651162124"}}