{"count":1,"self":1143.4078207999999,"total":33276.7919417,"children":{"InitializeActuators":{"count":1,"self":0.0020074,"total":0.0020074,"children":null},"InitializeSensors":{"count":1,"self":0.001996,"total":0.001996,"children":null},"AgentSendState":{"count":6788134,"self":42.4570368,"total":88.0355992,"children":{"CollectObservations":{"count":1359967,"self":1.3997126,"total":1.3997126,"children":null},"WriteActionMask":{"count":1359967,"self":0.58686189999999994,"total":0.58686189999999994,"children":null},"RequestDecision":{"count":1359967,"self":3.6658443999999997,"total":43.5919885,"children":{"AgentInfo.ToProto":{"count":1359967,"self":6.2102504,"total":39.926144099999995,"children":{"GenerateSensorData":{"count":1359967,"self":29.223056,"total":33.7158936,"children":{"RayPerceptionSensor.Perceive":{"count":1359967,"self":4.4928384,"total":4.4928384999999995,"children":null}}}}}}}}},"DecideAction":{"count":6788134,"self":32038.8530176,"total":32038.852893299998,"children":null},"AgentAct":{"count":6788134,"self":6.2918392,"total":6.2918394,"children":null},"AgentInfo.ToProto":{"count":5800,"self":0.0421522,"total":0.19875009999999999,"children":{"GenerateSensorData":{"count":5800,"self":0.13520659999999998,"total":0.15659789999999998,"children":{"RayPerceptionSensor.Perceive":{"count":5800,"self":0.0213913,"total":0.0213913,"children":null}}}}}},"gauges":{"PlayerAgent.CumulativeReward":{"count":5800,"max":365.642273,"min":-8.859997,"runningAverage":32.9664268,"value":56.1710968,"weightedAverage":33.4740944}},"metadata":{"timer_format_version":"0.1.0","start_time_seconds":"1656607369","unity_version":"2019.4.38f1","command_line_arguments":"f:\\Nathan\\!SKRIPSI\\rl-wave\\env01\/Wave.exe --mlagents-port 5005","communication_protocol_version":"1.5.0","com.unity.ml-agents_version":"2.1.0-exp.1","scene_name":"MainScene","end_time_seconds":"1656640646"}}