{"count":1,"self":801.34824959999992,"total":26433.869576099998,"children":{"InitializeActuators":{"count":1,"self":0.0010107,"total":0.0010107,"children":null},"InitializeSensors":{"count":1,"self":0.0021744,"total":0.0021744,"children":null},"AgentSendState":{"count":1332285,"self":10.5313512,"total":19.8300175,"children":{"CollectObservations":{"count":266502,"self":0.35543379999999997,"total":0.35543379999999997,"children":null},"WriteActionMask":{"count":266502,"self":0.1547845,"total":0.1547845,"children":null},"RequestDecision":{"count":266502,"self":0.9186612,"total":8.7884479999999989,"children":{"AgentInfo.ToProto":{"count":266502,"self":0.9087213,"total":7.8697868,"children":{"GenerateSensorData":{"count":266502,"self":6.1442144,"total":6.9610655,"children":{"RayPerceptionSensor.Perceive":{"count":266502,"self":0.81685089999999994,"total":0.81685089999999994,"children":null}}}}}}}}},"DecideAction":{"count":1332285,"self":25610.911743999997,"total":25610.911920299997,"children":null},"AgentAct":{"count":1332285,"self":1.7701772,"total":1.7701772,"children":null},"AgentInfo.ToProto":{"count":100,"self":0.0005006,"total":0.0050338,"children":{"GenerateSensorData":{"count":100,"self":0.0030865,"total":0.0045331999999999994,"children":{"RayPerceptionSensor.Perceive":{"count":100,"self":0.0014467,"total":0.0014467,"children":null}}}}}},"gauges":{"PlayerAgent.CumulativeReward":{"count":100,"max":3586.078,"min":-11.2800484,"runningAverage":599.391,"value":288.425049,"weightedAverage":512.642456}},"metadata":{"timer_format_version":"0.1.0","start_time_seconds":"1656962554","unity_version":"2019.4.38f1","command_line_arguments":"f:\\Nathan\\!SKRIPSI\\rl-wave\\env01\/Wave.exe --mlagents-port 5038","communication_protocol_version":"1.5.0","com.unity.ml-agents_version":"2.1.0-exp.1","scene_name":"MainScene","end_time_seconds":"1656988988"}}