{"count":1,"self":1976.6767616,"total":82514.1242066,"children":{"InitializeActuators":{"count":1,"self":0.0009985,"total":0.0009985,"children":null},"InitializeSensors":{"count":1,"self":0.0020005,"total":0.0020005,"children":null},"AgentSendState":{"count":10923485,"self":76.2943808,"total":151.29597479999998,"children":{"CollectObservations":{"count":2187712,"self":2.3091154,"total":2.3091154,"children":null},"WriteActionMask":{"count":2187712,"self":1.0890718,"total":1.0890718,"children":null},"RequestDecision":{"count":2187712,"self":6.5927663999999995,"total":71.6034043,"children":{"AgentInfo.ToProto":{"count":2187712,"self":6.3869924,"total":65.010638,"children":{"GenerateSensorData":{"count":2187712,"self":51.1347136,"total":58.623645599999996,"children":{"RayPerceptionSensor.Perceive":{"count":2187712,"self":7.4889312,"total":7.4889313,"children":null}}}}}}}}},"DecideAction":{"count":10923485,"self":80374.8184064,"total":80374.8176557,"children":null},"AgentAct":{"count":10923485,"self":11.13304,"total":11.1330396,"children":null},"AgentInfo.ToProto":{"count":6740,"self":0.0240912,"total":0.1967949,"children":{"GenerateSensorData":{"count":6740,"self":0.14867719999999998,"total":0.1727037,"children":{"RayPerceptionSensor.Perceive":{"count":6740,"self":0.0240265,"total":0.0240265,"children":null}}}}}},"gauges":{"PlayerAgent.CumulativeReward":{"count":6740,"max":652.096558,"min":-9.390005,"runningAverage":51.4969177,"value":58.61073,"weightedAverage":32.95233}},"metadata":{"timer_format_version":"0.1.0","start_time_seconds":"1656478947","unity_version":"2019.4.38f1","command_line_arguments":"f:\\Nathan\\!SKRIPSI\\rl-wave\\env01\/Wave.exe --mlagents-port 5005","communication_protocol_version":"1.5.0","com.unity.ml-agents_version":"2.1.0-exp.1","scene_name":"MainScene","end_time_seconds":"1656561461"}}