{"count":1,"self":12629.9717632,"total":28439.915934599998,"children":{"InitializeActuators":{"count":1,"self":0.0010007,"total":0.0010007,"children":null},"InitializeSensors":{"count":1,"self":0.0025006,"total":0.0025006,"children":null},"AgentSendState":{"count":41144841,"self":280.37788159999997,"total":529.6143674,"children":{"CollectObservations":{"count":8238177,"self":8.7661072,"total":8.7661074,"children":null},"WriteActionMask":{"count":8238177,"self":3.495672,"total":3.4956722,"children":null},"RequestDecision":{"count":8238177,"self":21.1399184,"total":236.97471159999998,"children":{"AgentInfo.ToProto":{"count":8238177,"self":21.425225599999997,"total":215.8347938,"children":{"GenerateSensorData":{"count":8238177,"self":168.4227584,"total":194.4095676,"children":{"RayPerceptionSensor.Perceive":{"count":8238177,"self":25.9868064,"total":25.9868067,"children":null}}}}}}}}},"DecideAction":{"count":41144841,"self":15242.174464,"total":15242.1742275,"children":null},"AgentAct":{"count":41144841,"self":37.7166688,"total":37.7166675,"children":null},"AgentInfo.ToProto":{"count":16734,"self":0.0605034,"total":0.43433859999999996,"children":{"GenerateSensorData":{"count":16734,"self":0.3217878,"total":0.3738352,"children":{"RayPerceptionSensor.Perceive":{"count":16734,"self":0.0520474,"total":0.0520474,"children":null}}}}}},"gauges":{"PlayerAgent.CumulativeReward":{"count":16734,"max":1594.80811,"min":-48.3987236,"runningAverage":97.64831,"value":15.5699425,"weightedAverage":124.897896}},"metadata":{"timer_format_version":"0.1.0","start_time_seconds":"1656525957","unity_version":"2019.4.38f1","command_line_arguments":"f:\\Nathan\\!SKRIPSI\\rl-wave\\env01\/Wave.exe --mlagents-port 5008","communication_protocol_version":"1.5.0","com.unity.ml-agents_version":"2.1.0-exp.1","scene_name":"MainScene","end_time_seconds":"1656554397"}}