{"count":1,"self":1626.5059328,"total":49554.7915455,"children":{"InitializeActuators":{"count":1,"self":0.001,"total":0.001,"children":null},"InitializeSensors":{"count":1,"self":0.0020001,"total":0.0020001,"children":null},"AgentSendState":{"count":9068999,"self":69.760896,"total":139.0729121,"children":{"CollectObservations":{"count":1817826,"self":1.9914716,"total":1.9914716,"children":null},"WriteActionMask":{"count":1817826,"self":0.77342499999999992,"total":0.77342499999999992,"children":null},"RequestDecision":{"count":1817826,"self":6.4927456,"total":66.5471168,"children":{"AgentInfo.ToProto":{"count":1817826,"self":6.854848,"total":60.0543711,"children":{"GenerateSensorData":{"count":1817826,"self":46.114348799999995,"total":53.1995229,"children":{"RayPerceptionSensor.Perceive":{"count":1817826,"self":7.0851736,"total":7.0851733999999995,"children":null}}}}}}}}},"DecideAction":{"count":9068999,"self":47779.8105088,"total":47779.8089148,"children":null},"AgentAct":{"count":9068999,"self":9.1174384,"total":9.1174384,"children":null},"AgentInfo.ToProto":{"count":9950,"self":0.0456588,"total":0.2823649,"children":{"GenerateSensorData":{"count":9950,"self":0.1939408,"total":0.2367061,"children":{"RayPerceptionSensor.Perceive":{"count":9950,"self":0.0427653,"total":0.0427653,"children":null}}}}}},"gauges":{"PlayerAgent.CumulativeReward":{"count":9950,"max":330.672424,"min":-13.0700893,"runningAverage":16.2378731,"value":14.9199429,"weightedAverage":18.0483818}},"metadata":{"timer_format_version":"0.1.0","start_time_seconds":"1655895192","unity_version":"2019.4.38f1","command_line_arguments":"f:\\Nathan\\!SKRIPSI\\rl-wave\\no-x\/Wave.exe --mlagents-port 5005","communication_protocol_version":"1.5.0","com.unity.ml-agents_version":"2.1.0-exp.1","scene_name":"MainScene","end_time_seconds":"1655944746"}}