{"count":1,"self":2769.301504,"total":5006.4029872,"children":{"InitializeActuators":{"count":1,"self":0.0010041,"total":0.0010041,"children":null},"InitializeSensors":{"count":1,"self":0.0019990999999999997,"total":0.0019990999999999997,"children":null},"AgentSendState":{"count":7444759,"self":49.207248,"total":94.5553448,"children":{"CollectObservations":{"count":1492989,"self":1.4664149,"total":1.4664149,"children":null},"WriteActionMask":{"count":1492989,"self":0.68759739999999991,"total":0.68759739999999991,"children":null},"RequestDecision":{"count":1492989,"self":4.0383407999999994,"total":43.1940854,"children":{"AgentInfo.ToProto":{"count":1492989,"self":3.6021256,"total":39.155744399999996,"children":{"GenerateSensorData":{"count":1492989,"self":30.9541984,"total":35.553618799999995,"children":{"RayPerceptionSensor.Perceive":{"count":1492989,"self":4.5994212,"total":4.5994212999999995,"children":null}}}}}}}}},"DecideAction":{"count":7444759,"self":2135.3392128,"total":2135.3392986999997,"children":null},"AgentAct":{"count":7444759,"self":6.9378959999999994,"total":6.9378959999999994,"children":null},"AgentInfo.ToProto":{"count":9950,"self":0.0318369,"total":0.2660192,"children":{"GenerateSensorData":{"count":9950,"self":0.2041192,"total":0.23418229999999998,"children":{"RayPerceptionSensor.Perceive":{"count":9950,"self":0.0300631,"total":0.0300631,"children":null}}}}}},"gauges":{"PlayerAgent.CumulativeReward":{"count":9950,"max":390.775543,"min":-12.66008,"runningAverage":15.5219431,"value":-4.31999636,"weightedAverage":30.87908}},"metadata":{"timer_format_version":"0.1.0","start_time_seconds":"1655733173","unity_version":"2019.4.38f1","command_line_arguments":"f:\\Nathan\\!SKRIPSI\\rl-wave\\no-x\/Wave.exe -nographics -batchmode --mlagents-port 5010","communication_protocol_version":"1.5.0","com.unity.ml-agents_version":"2.1.0-exp.1","scene_name":"MainScene","end_time_seconds":"1655738179"}}