{"count":1,"self":1410.0925439999999,"total":6548.7924981999995,"children":{"InitializeActuators":{"count":1,"self":0.0009994,"total":0.0009994,"children":null},"InitializeSensors":{"count":1,"self":0.0020012999999999997,"total":0.0020012999999999997,"children":null},"AgentSendState":{"count":6028455,"self":33.107904,"total":62.756487199999995,"children":{"CollectObservations":{"count":1207650,"self":0.9776446,"total":0.9776446,"children":null},"WriteActionMask":{"count":1207650,"self":0.3938566,"total":0.3938566,"children":null},"RequestDecision":{"count":1207650,"self":2.3464772,"total":28.2770834,"children":{"AgentInfo.ToProto":{"count":1207650,"self":3.40246,"total":25.9306062,"children":{"GenerateSensorData":{"count":1207650,"self":18.9079104,"total":22.5281462,"children":{"RayPerceptionSensor.Perceive":{"count":1207650,"self":3.6202351999999998,"total":3.6202351999999998,"children":null}}}}}}}}},"DecideAction":{"count":6028455,"self":5071.1695359999994,"total":5071.1696858999994,"children":null},"AgentAct":{"count":6028455,"self":4.6570203999999995,"total":4.6570205,"children":null},"AgentInfo.ToProto":{"count":5000,"self":0.0215424,"total":0.11277219999999999,"children":{"GenerateSensorData":{"count":5000,"self":0.080195599999999992,"total":0.0912298,"children":{"RayPerceptionSensor.Perceive":{"count":5000,"self":0.0110342,"total":0.0110342,"children":null}}}}}},"gauges":{"PlayerAgent.CumulativeReward":{"count":5000,"max":715.30896,"min":-20.1402512,"runningAverage":31.8624115,"value":5.04993439,"weightedAverage":2.1154294}},"metadata":{"timer_format_version":"0.1.0","start_time_seconds":"1656739938","unity_version":"2019.4.38f1","command_line_arguments":"f:\\Nathan\\!SKRIPSI\\rl-wave\\collectible\/Wave.exe --mlagents-port 5036","communication_protocol_version":"1.5.0","com.unity.ml-agents_version":"2.1.0-exp.1","scene_name":"MainScene","end_time_seconds":"1656746487"}}