{"count":1,"self":2566.6574336,"total":4640.2796117,"children":{"InitializeActuators":{"count":1,"self":0.0019996,"total":0.0019996,"children":null},"InitializeSensors":{"count":1,"self":0.0030044,"total":0.0030044,"children":null},"AgentSendState":{"count":6888947,"self":46.494819199999995,"total":87.3511022,"children":{"CollectObservations":{"count":1381818,"self":1.6358401,"total":1.6358401,"children":null},"WriteActionMask":{"count":1381818,"self":0.62058499999999994,"total":0.62058499999999994,"children":null},"RequestDecision":{"count":1381818,"self":3.6009851999999998,"total":38.5998583,"children":{"AgentInfo.ToProto":{"count":1381818,"self":3.2957392,"total":34.9988732,"children":{"GenerateSensorData":{"count":1381818,"self":27.2547072,"total":31.703134,"children":{"RayPerceptionSensor.Perceive":{"count":1381818,"self":4.4484264,"total":4.4484265999999995,"children":null}}}}}}}}},"DecideAction":{"count":6888947,"self":1979.0061567999999,"total":1979.0060764999998,"children":null},"AgentAct":{"count":6888947,"self":6.9986672,"total":6.9986668,"children":null},"AgentInfo.ToProto":{"count":9943,"self":0.036577,"total":0.2593991,"children":{"GenerateSensorData":{"count":9943,"self":0.1854566,"total":0.2228221,"children":{"RayPerceptionSensor.Perceive":{"count":9943,"self":0.037365499999999996,"total":0.037365499999999996,"children":null}}}}}},"gauges":{"PlayerAgent.CumulativeReward":{"count":9943,"max":396.5166,"min":-11.8700619,"runningAverage":14.921731,"value":50.58102,"weightedAverage":38.4957657}},"metadata":{"timer_format_version":"0.1.0","start_time_seconds":"1655733254","unity_version":"2019.4.38f1","command_line_arguments":"f:\\Nathan\\!SKRIPSI\\rl-wave\\collectible\/Wave.exe -nographics -batchmode --mlagents-port 5011","communication_protocol_version":"1.5.0","com.unity.ml-agents_version":"2.1.0-exp.1","scene_name":"MainScene","end_time_seconds":"1655737894"}}