{"count":1,"self":4048.7755776,"total":7341.4094480999993,"children":{"InitializeActuators":{"count":1,"self":0.0009966,"total":0.0009966,"children":null},"InitializeSensors":{"count":1,"self":0.0020016,"total":0.0020016,"children":null},"AgentSendState":{"count":10930230,"self":78.688537599999989,"total":154.19762609999998,"children":{"CollectObservations":{"count":2190147,"self":2.4392128,"total":2.4392129,"children":null},"WriteActionMask":{"count":2190147,"self":0.9873343,"total":0.9873343,"children":null},"RequestDecision":{"count":2190147,"self":6.227182,"total":72.0825392,"children":{"AgentInfo.ToProto":{"count":2190147,"self":8.9561704,"total":65.8553573,"children":{"GenerateSensorData":{"count":2190147,"self":50.1355104,"total":56.8991866,"children":{"RayPerceptionSensor.Perceive":{"count":2190147,"self":6.7636759999999994,"total":6.7636758,"children":null}}}}}}}}},"DecideAction":{"count":10930230,"self":3126.8470783999996,"total":3126.8470912999996,"children":null},"AgentAct":{"count":10930230,"self":11.286941599999999,"total":11.2869417,"children":null},"AgentInfo.ToProto":{"count":9662,"self":0.0497858,"total":0.2980176,"children":{"GenerateSensorData":{"count":9662,"self":0.2195995,"total":0.2482318,"children":{"RayPerceptionSensor.Perceive":{"count":9662,"self":0.0286323,"total":0.0286323,"children":null}}}}}},"gauges":{"PlayerAgent.CumulativeReward":{"count":9662,"max":715.3192,"min":-11.9800644,"runningAverage":36.11206,"value":33.0701447,"weightedAverage":112.787338}},"metadata":{"timer_format_version":"0.1.0","start_time_seconds":"1655788480","unity_version":"2019.4.38f1","command_line_arguments":"f:\\Nathan\\!SKRIPSI\\rl-wave\\collectible\/Wave.exe --mlagents-port 5008","communication_protocol_version":"1.5.0","com.unity.ml-agents_version":"2.1.0-exp.1","scene_name":"MainScene","end_time_seconds":"1655795821"}}